{"w": 10, "alpha": 0.3, "k": 10000, "Theta": [[0.3652622331223619, 0.4329436698580936, 0.34616885018849936, 0.1512417439889272, 0.09516864007553706, 0.3176892881534643, 0.20695751998599893, 0.2249185541889767, 0.2004779218906826, 0.33058528789920916], [0.3225472211450528, 0.02782564597491039, 0.6021597129367683, 0.3881138830273063, 0.11389394266440214, 0.2527286371840257, 0.30817077178227265, 0.12564287503599958, 0.2325853999124644, 0.0058091120043071015], [0.15609583394417387, 0.18746527998526544, 0.0439604561969968, 0.1797036056952397, 0.1939629341613169, 0.12270097068735826, 0.35978510159418464, 0.5194617421934145, 0.29559190408795055, 0.3090825950811107], [0.15609471178841136, 0.35176540418173047, 0.007710980677735764, 0.2809407672885268, 0.5969744830987438, 0.3068811039751518, 0.1250866066375438, 0.12997682858160933, 0.2713447741089025, 0.354523005015373]], "ThetaB": [[0.47995505611486733, 0.3477942889695871, 0.010779659015780558, 0.12795966407933215, 0.5136285350606279, 0.3022200922496584, 0.27860380667574375, 0.20949004314754432, 0.3207686866422983, 0.3567972392150135], [0.08678626760355938, 0.5215100607145418, 0.5372201335721897, 0.303438098982387, 0.30879589496196097, 0.2828213509500362, 0.1471454719360867, 0.3119537132826173, 0.41082206840106633, 0.26606755856160497], [0.12403452110621765, 0.05928313164447035, 0.31929322299663415, 0.2544946300741928, 0.14578962420493247, 0.37935833524731893, 0.053330375135345456, 0.16052900613481483, 0.08993997724930107, 0.04585747432553653], [0.30922415517535556, 0.07141251867140068, 0.1327069844153955, 0.31410760686408806, 0.031785945772478556, 0.03560022155298653, 0.5209203462528241, 0.31802723743502354, 0.17846926770733423, 0.33127772789784504]]}