{"alpha": 0.5,
  "ThetaB": [
    [0.20788407485424365, 0.22785349300313243, 0.3251168579819632, 0.3679692876507084, 0.21022008412479118, 0.0671050217149161, 0.18129571790574722, 0.021064242294129763, 0.0870344639158383, 0.31789722159464234],
    [0.27629632187083886, 0.21422797955090336, 0.147561515714088, 0.35009314712220446, 0.09347647804970181, 0.27192609774243154, 0.35666218763570323, 0.26917399470334574, 0.4931855568337437, 0.529991465802141],
    [0.16775464624664563, 0.25088375696518567, 0.19851399576806897, 0.007119915641842087, 0.21747109806157983, 0.22078302432443875, 0.09883997493762978, 0.3503516322562733, 0.3378689477050883, 0.0257245167337301],
    [0.34806495702827184, 0.30703477048077854, 0.32880763053587986, 0.27481764958524496, 0.47883233976392725, 0.4401858562182136, 0.3632021195209198, 0.3594101307462512, 0.0819110315453297, 0.12638679586948648]],
  "k": 100,
  "w": 10,
  "Theta": [
    [0.20353764318111744, 0.24069361951588836, 0.21967813047562296, 0.14755694464381472, 0.26642007426098674, 0.3047440814805238, 0.139552454409027, 0.3947788595804015, 0.42142652486967985, 0.11458357664655398],
    [0.2746326660171801, 0.29673665005483674, 0.24337107052628518, 0.3488355202366924, 0.18484354167695577, 0.17510181350206588, 0.3315722148166869, 0.1622613957439475, 0.2747063641199768, 0.29881835564122033],
    [0.3289647660451992, 0.15455522432980268, 0.089873579770021, 0.210373600130703, 0.13362785284442805, 0.0451703218588561, 0.11564932593681534, 0.2673081040860596, 0.17299351573707009, 0.30477417036834903],
    [0.19286492475650338, 0.3080145060994723, 0.4470772192280708, 0.29323393498878986, 0.41510853121762936, 0.4749837831585543, 0.4132260048374708, 0.1756516405895916, 0.13087359527327339, 0.2818238973438766]]}