{"w": 10, "alpha": 0.3, "k": 10000, "Theta": [[0.10703192904636866, 0.13159484443822655, 0.4439080895265525, 0.31337873584729603, 0.6802329491335196, 0.23820383580295532, 0.2122905026454625, 0.3800877703022798, 0.27495115576762674, 0.0233802351030053], [0.020749083892263317, 0.3681273224252407, 0.16461092690963464, 0.19424682111451524, 0.18623894076207415, 0.12569554658423518, 0.285249784954643, 0.012647084319360178, 0.2980337478056982, 0.3982324511577703], [0.5229565064666387, 0.2814740291418688, 0.1647809077114979, 0.31981363242505273, 0.09136019524133054, 0.281533981862097, 0.18553896303593356, 0.39536915705809816, 0.26194240905732363, 0.463710754679666], [0.34926248059472925, 0.21880380399466404, 0.22670007585231491, 0.17256081061313602, 0.04216791486307569, 0.35456663575071246, 0.31692074936396103, 0.2118959883202619, 0.16507268736935143, 0.11467655905955837]], "ThetaB": [[0.04521808401012193, 0.3638439299182328, 0.2838874064710509, 0.057434068700663574, 0.3710004949099283, 0.2419728948718596, 0.22571444684092273, 0.556832710546177, 0.0075870385077536125, 0.345826375311797], [0.38584895978534717, 0.15696704029011693, 0.4012355328169519, 0.19286226908071008, 0.2445184131659674, 0.1300880859719902, 0.30290257886182503, 0.026010243347273282, 0.539793425703435, 0.178377451109373], [0.5099924044199196, 0.0435247103550914, 0.22770566927415917, 0.30302007997117736, 0.06613744977460019, 0.18296428769960155, 0.1827914063798354, 0.32500843754365893, 0.022012109674706917, 0.31787131363046667], [0.058940551784611425, 0.4356643194365589, 0.08717139143783803, 0.4466835822474489, 0.31834364214950406, 0.4449747314565487, 0.2885915679174169, 0.09214860856289067, 0.43060742611410446, 0.15792485994836344]]}